epoch;accuracy;loss;precision;recall;val_accuracy;val_loss;val_precision;val_recall
0;0.9845134615898132;0.03886296972632408;0.9482439756393433;0.8439605832099915;0.9984101057052612;0.007625660393387079;0.9971606731414795;0.9975190162658691
1;0.998900830745697;0.004783265758305788;0.9992630481719971;0.9977455735206604;0.998969554901123;0.007447786629199982;0.99879390001297;0.9976036548614502
2;0.9991265535354614;0.005917512346059084;0.999235987663269;0.9982298612594604;0.9991461634635925;0.008307551965117455;0.9999717473983765;0.9976061582565308
3;0.9995092749595642;0.0019916098099201918;0.9997981786727905;0.9986442923545837;0.998910665512085;0.008717121556401253;0.9990862011909485;0.9977784156799316
4;0.999470055103302;0.0024133706465363503;0.9994928240776062;0.9989408254623413;0.9990283846855164;0.010977964848279953;0.999812662601471;0.9974574446678162
