epoch;accuracy;loss;precision;recall;val_accuracy;val_loss;val_precision;val_recall
0;0.9845134615898132;0.03886296972632408;0.9482439756393433;0.8439605832099915;0.9984101057052612;0.007625660393387079;0.9971606731414795;0.9975190162658691
